"Product Name","Price","Rating"
"Depointer Life Led Mask with Rechargeable Bluetooth-compatible App Controlled, Customizable Shining Mask, Lighted Face Transforming Mask, unisex-child","$69.99","4.4"
"Inflatable Alien Costume Inflatable Halloween Costumes Blow Up Alien Costume for Halloween, Easter,Christmasâ€¦","$45.99","4.4"
"STONCH Halloween Mask Skeleton Gloves Set, 3 Modes Light Up Scary LED Mask with LED Glow Gloves, Halloween Decorations Anonymous Carnival Masks, Halloween Costumes glow purge Masks Gift for Boys Girl","$15.99","4.3"
"Adult Men Red and White Striped Tee Shirt Glasses Hat Outfit Suit Set Halloween Cosplay Costume Party Props","$28.99","4.5"
"Renaissance Dresses for Women Costume Fairy Renaissance Dress Ball Gown Medieval Irish Peasant Dress","$41.99","4.3"
"YOOVL Inflatable Dinosaur Costume Adult, Dinosaur Inflatable Costume for Adult, Blow Up Dinosaur Costume for Halloween Cosplay Party Christmas","$48.98","4.6"
"Women Renaissance Dress Pirate Peasant Wench Irish Costume Medieval Boho Chemise Faire Gown Maxi Long Dress","$33.99","4.5"
"Renaissance Costumes for Women Medieval Faire Dress Velvet Irish Dresses Halloween Costumes","$40.99","4.4"
"Corset Tops for Women Satin Lace Up Corset Top Plus Size Gothic Corset Overbust","$23.99","4.0"
"Giant Jack O' Lantern Face | Halloween Pumpkin Fun Unisex T-Shirt for Men Women","$19.95","4.5"
"Army Costume for Kids - Soldier Costume Set for Boys and Girls - Special Forces Uniform Costume","$36.58","4.1"
"Jack O Lantern Scary Carved Pumpkin Face Halloween Costume T-Shirt","$19.95","4.5"
"I'm With Butterfly Halloween Costume Party Matching Couples T-Shirt","$13.38","4.6"
"Jack O Lantern Face Pumpkin Eyelashes Hallowen Costume Funny T-Shirt","$14.95","4.5"
"Peter Pumpkin Eater Costume Halloween Splash Shirt T-Shirt","$15.99","4.6"
"Peter Pan Halloween Costume T-Shirt","$19.54","4.5"
"I'm With Skeleton Halloween Costume Funny Couples Matching T-Shirt","$19.99","4.5"
"Plague Doctor Mask Costumes Set 6 in 1 Halloween Beak Mask Plague Dr Outfit for Adults","$44.99","4.3"
"Progressive Collection Flo Insurance Costume White","$39.95","4.4"
"Costume Heroes And Hombres Men's Hippie Shirt And Wig","$23.72","4.2"
"I'm Fine Movie Halloween Zombie Shark Bite Graphic Mens Very Funny T Shirt","$19.99","4.6"
"Face Transforming LED Mask with App Controlled - Programmable LED Halloween Mask Digital Luminous Mask for Costume Cosplay","$55.99","4.4"
"Women's Licensed Top Gun Flight Dress Costume","$34.95","4.3"
"Inflatable Costume Adult Rooster Ride On Chicken Costume,Halloween Costumes Blow up Costumes","$39.86","4.6"
"Women's Cozy Bat Costume","$36.66","4.1"
"Adult Original T-REX Inflatable Costume with Dinosaur Costume Sound","$49.99","4.3"
"Black Cat Zipster For Adult - Small/Medium (1 Pack) - Sleek, Comfortable & Spooky - Premium Polyester Onesie Costume - Stand Out With Unique Design & Quality - Perfect For Halloween & Themed Parties","$39.99","4.4"
"Adult Men Waldo Costume Wally Cosplay Suits with Glasses Hat Halloween Costumes Red and White Striped Tee Shirt Outfit","$24.95","4.3"
"Depointer Life Led Mask with Gesture Sensing, LED Lighted Face Transforming Mask for Costume Cosplay Party Masquerade","$35.99","4.5"
"Dinosaur Costume for Adult,Inflatable Dinosaur Costumes Adult Size,Halloween Costumes Fancy Dress Men Women,Blow up Dinosaur Costume Adult Size,Trex Costume Teens","$22.90","4.5"
"KOOY Inflatable Dinosaur Costume Adult,Halloween T-Rex Costume Blow up Funny Dino Costumes Fancy Dress,Halloween Costumes for Men Women Adults Teens","$39.90","4.5"
"70s Hippie Dress Costumes Necklace Earrings Sunglass Women Disco Outfit, 60s Party Costume, Halloween Retro Dresses","$29.99","4.4"
"Plague Doctor Costumes Set,Scary Plague Doctor Mask,Horror Halloween Costumes Cosplay for Men Women Kids Teenagers","$39.99","4.2"
"Halloween Skeleton Poncho for Women, Lace Skeleton Cape Shawl, Halloween Costume with Mask","$15.99","4.7"
"Retro More Boos Please Ghost Beer Halloween Costume Men Boys T-Shirt","$17.99",None
"Butterfly Costume for Women, Adult Butterfly Wings Halloween Costumes for Women, with Lace Mask and Antenna Headband","None","4.6"
